<PAMDataset>
  <PAMRasterBand band="1">
    <Metadata>
      <MDI key="STATISTICS_MAXIMUM">254</MDI>
      <MDI key="STATISTICS_MEAN">55.630045317221</MDI>
      <MDI key="STATISTICS_MINIMUM">43</MDI>
      <MDI key="STATISTICS_STDDEV">25.474673887326</MDI>
    </Metadata>
  </PAMRasterBand>
  <PAMRasterBand band="2">
    <Metadata>
      <MDI key="STATISTICS_MAXIMUM">254</MDI>
      <MDI key="STATISTICS_MEAN">138.0566918429</MDI>
      <MDI key="STATISTICS_MINIMUM">25</MDI>
      <MDI key="STATISTICS_STDDEV">16.279297658637</MDI>
    </Metadata>
  </PAMRasterBand>
  <PAMRasterBand band="3">
    <Metadata>
      <MDI key="STATISTICS_MAXIMUM">190</MDI>
      <MDI key="STATISTICS_MEAN">182.47711480363</MDI>
      <MDI key="STATISTICS_MINIMUM">28</MDI>
      <MDI key="STATISTICS_STDDEV">12.981322469817</MDI>
    </Metadata>
  </PAMRasterBand>
</PAMDataset>
