<PAMDataset>
  <PAMRasterBand band="1">
    <Metadata>
      <MDI key="STATISTICS_MAXIMUM">254</MDI>
      <MDI key="STATISTICS_MEAN">74.932028985507</MDI>
      <MDI key="STATISTICS_MINIMUM">43</MDI>
      <MDI key="STATISTICS_STDDEV">53.418956117607</MDI>
    </Metadata>
  </PAMRasterBand>
  <PAMRasterBand band="2">
    <Metadata>
      <MDI key="STATISTICS_MAXIMUM">254</MDI>
      <MDI key="STATISTICS_MEAN">149.48268115942</MDI>
      <MDI key="STATISTICS_MINIMUM">41</MDI>
      <MDI key="STATISTICS_STDDEV">29.133822742544</MDI>
    </Metadata>
  </PAMRasterBand>
  <PAMRasterBand band="3">
    <Metadata>
      <MDI key="STATISTICS_MAXIMUM">190</MDI>
      <MDI key="STATISTICS_MEAN">179.69547101449</MDI>
      <MDI key="STATISTICS_MINIMUM">35</MDI>
      <MDI key="STATISTICS_STDDEV">14.418739610384</MDI>
    </Metadata>
  </PAMRasterBand>
</PAMDataset>
