<PAMDataset>
  <PAMRasterBand band="1">
    <Histograms>
      <HistItem>
        <HistMin>0.5833333333333333</HistMin>
        <HistMax>6.416666666666667</HistMax>
        <BucketCount>6</BucketCount>
        <IncludeOutOfRange>0</IncludeOutOfRange>
        <Approximate>0</Approximate>
        <HistCounts>36952|21206|9774|5576|3571|661</HistCounts>
      </HistItem>
    </Histograms>
    <Metadata>
      <MDI key="STATISTICS_MAXIMUM">6</MDI>
      <MDI key="STATISTICS_MEAN">1.965667609982</MDI>
      <MDI key="STATISTICS_MINIMUM">1</MDI>
      <MDI key="STATISTICS_STDDEV">1.1984326809643</MDI>
    </Metadata>
  </PAMRasterBand>
</PAMDataset>
